jobID,  modelID,  status,  completionReason,  startTime,  endTime,  runtime(s),  expDesc,  numRecords,  modelParams|tmParams|minThreshold,  modelParams|sensorParams|encoders|timestamp_weekend:radius,  modelParams|tmParams|activationThreshold,  modelParams|sensorParams|encoders|timestamp_timeOfDay:radius,  modelParams|tmParams|pamLength,  modelParams|sensorParams|encoders|speed:n,  modelParams|sensorParams|encoders|timestamp_dayOfWeek:radius,  modelParams|sensorParams|encoders|_classifierInput|n,  modelParams|clParams|alpha,  modelParams|spParams|synPermInactiveDec,  multiStepBestPredictions:multiStep:errorMetric='aae':steps=[1]:window=1000:field=speed,  multiStepBestPredictions:multiStep:errorMetric='altMAPE':steps=[1]:window=1000:field=speed, 
1003,  1258,  completed,  eof,  2019-04-09 10:24:09,  2019-04-09 10:26:16,  127,  modelParams|tmParams|minThreshold_11.modelParams|tmParams|activationThreshold_14.modelParams|tmParams|pamLength_3.modelParams|sensorParams|encoders|speed:n_272.modelParams|sensorParams|encoders|_classifierInput|n_275.modelParams|clParams|alpha_0.05005.modelParams|spParams|synPermInactiveDec_0.05015,  10283,  11,  None,  14,  None,  3,  272,  None,  275,  0.05005,  0.05015,  0.708561594264,  6.15268867033, 
1003,  1265,  completed,  eof,  2019-04-09 10:24:10,  2019-04-09 10:25:29,  79,  modelParams|tmParams|minThreshold_11.modelParams|tmParams|activationThreshold_14.modelParams|tmParams|pamLength_3.modelParams|clParams|alpha_0.05005.modelParams|sensorParams|encoders|timestamp_dayOfWeek:radius_3.5.modelParams|sensorParams|encoders|_classifierInput|n_275.modelParams|spParams|synPermInactiveDec_0.05015,  10283,  11,  None,  14,  None,  3,  None,  3.5,  275,  0.05005,  0.05015,  2.47055391496,  21.4526855605, 
1003,  1280,  completed,  eof,  2019-04-09 10:24:11,  2019-04-09 10:25:30,  79,  modelParams|tmParams|minThreshold_11.modelParams|tmParams|activationThreshold_14.modelParams|sensorParams|encoders|timestamp_timeOfDay:radius_6.25.modelParams|tmParams|pamLength_3.modelParams|clParams|alpha_0.05005.modelParams|sensorParams|encoders|_classifierInput|n_275.modelParams|spParams|synPermInactiveDec_0.05015,  10283,  11,  None,  14,  6.25,  3,  None,  None,  275,  0.05005,  0.05015,  2.47055391496,  21.4526855605, 
1003,  1281,  completed,  eof,  2019-04-09 10:24:11,  2019-04-09 10:25:31,  80,  modelParams|tmParams|minThreshold_11.modelParams|sensorParams|encoders|timestamp_weekend:radius_1.modelParams|tmParams|activationThreshold_14.modelParams|tmParams|pamLength_3.modelParams|clParams|alpha_0.05005.modelParams|sensorParams|encoders|_classifierInput|n_275.modelParams|spParams|synPermInactiveDec_0.05015,  10283,  11,  1,  14,  None,  3,  None,  None,  275,  0.05005,  0.05015,  2.47055391496,  21.4526855605, 
1003,  1282,  completed,  eof,  2019-04-09 10:25:30,  2019-04-09 10:26:40,  70,  modelParams|tmParams|minThreshold_9.modelParams|tmParams|activationThreshold_12.modelParams|tmParams|pamLength_1.modelParams|sensorParams|encoders|speed:n_22.modelParams|sensorParams|encoders|_classifierInput|n_28.modelParams|clParams|alpha_0.0001.modelParams|spParams|synPermInactiveDec_0.1,  10283,  9,  None,  12,  None,  1,  22,  None,  28,  0.0001,  0.1,  7.71391501863,  66.9826277958, 
1003,  1283,  completed,  eof,  2019-04-09 10:25:30,  2019-04-09 10:26:46,  76,  modelParams|tmParams|minThreshold_9.modelParams|tmParams|activationThreshold_12.modelParams|tmParams|pamLength_1.modelParams|clParams|alpha_0.0001.modelParams|sensorParams|encoders|timestamp_dayOfWeek:radius_1.0.modelParams|sensorParams|encoders|_classifierInput|n_28.modelParams|spParams|synPermInactiveDec_0.1,  10283,  9,  None,  12,  None,  1,  None,  1.0,  28,  0.0001,  0.1,  7.71391501863,  66.9826277958, 
1003,  1284,  completed,  eof,  2019-04-09 10:25:31,  2019-04-09 10:27:11,  100,  modelParams|tmParams|minThreshold_9.modelParams|tmParams|activationThreshold_12.modelParams|sensorParams|encoders|timestamp_timeOfDay:radius_0.5.modelParams|tmParams|pamLength_1.modelParams|clParams|alpha_0.0001.modelParams|sensorParams|encoders|_classifierInput|n_28.modelParams|spParams|synPermInactiveDec_0.1,  10283,  9,  None,  12,  0.5,  1,  None,  None,  28,  0.0001,  0.1,  7.71391501863,  66.9826277958, 
1003,  1285,  completed,  eof,  2019-04-09 10:26:16,  2019-04-09 10:27:41,  85,  modelParams|tmParams|minThreshold_9.modelParams|sensorParams|encoders|timestamp_weekend:radius_1.modelParams|tmParams|activationThreshold_12.modelParams|tmParams|pamLength_1.modelParams|clParams|alpha_0.0001.modelParams|sensorParams|encoders|_classifierInput|n_28.modelParams|spParams|synPermInactiveDec_0.1,  10283,  9,  1,  12,  None,  1,  None,  None,  28,  0.0001,  0.1,  7.71391501863,  66.9826277958, 
1003,  1286,  completed,  eof,  2019-04-09 10:26:40,  2019-04-09 10:29:26,  166,  modelParams|tmParams|minThreshold_12.modelParams|tmParams|activationThreshold_16.modelParams|tmParams|pamLength_5.modelParams|sensorParams|encoders|speed:n_521.modelParams|sensorParams|encoders|_classifierInput|n_521.modelParams|clParams|alpha_0.1.modelParams|spParams|synPermInactiveDec_0.0003,  10283,  12,  None,  16,  None,  5,  521,  None,  521,  0.1,  0.0003,  0.527839881402,  4.58341869548, 
1003,  1287,  completed,  eof,  2019-04-09 10:26:46,  2019-04-09 10:28:32,  106,  modelParams|tmParams|minThreshold_12.modelParams|tmParams|activationThreshold_16.modelParams|tmParams|pamLength_5.modelParams|clParams|alpha_0.1.modelParams|sensorParams|encoders|timestamp_dayOfWeek:radius_6.0.modelParams|sensorParams|encoders|_classifierInput|n_521.modelParams|spParams|synPermInactiveDec_0.0003,  10283,  12,  None,  16,  None,  5,  None,  6.0,  521,  0.1,  0.0003,  1.65313726517,  14.3547702899, 
1003,  1288,  completed,  eof,  2019-04-09 10:27:11,  2019-04-09 10:28:50,  99,  modelParams|tmParams|minThreshold_12.modelParams|tmParams|activationThreshold_16.modelParams|sensorParams|encoders|timestamp_timeOfDay:radius_12.0.modelParams|tmParams|pamLength_5.modelParams|clParams|alpha_0.1.modelParams|sensorParams|encoders|_classifierInput|n_521.modelParams|spParams|synPermInactiveDec_0.0003,  10283,  12,  None,  16,  12.0,  5,  None,  None,  521,  0.1,  0.0003,  1.65313726517,  14.3547702899, 
1003,  1289,  completed,  eof,  2019-04-09 10:27:41,  2019-04-09 10:29:14,  93,  modelParams|tmParams|minThreshold_12.modelParams|sensorParams|encoders|timestamp_weekend:radius_1.modelParams|tmParams|activationThreshold_16.modelParams|tmParams|pamLength_5.modelParams|clParams|alpha_0.1.modelParams|sensorParams|encoders|_classifierInput|n_521.modelParams|spParams|synPermInactiveDec_0.0003,  10283,  12,  1,  16,  None,  5,  None,  None,  521,  0.1,  0.0003,  1.65313726517,  14.3547702899, 
1003,  1290,  completed,  eof,  2019-04-09 10:28:33,  2019-04-09 10:29:55,  82,  modelParams|tmParams|minThreshold_10.modelParams|tmParams|activationThreshold_13.modelParams|tmParams|pamLength_2.modelParams|sensorParams|encoders|speed:n_147.modelParams|sensorParams|encoders|_classifierInput|n_151.modelParams|clParams|alpha_0.025075.modelParams|spParams|synPermInactiveDec_0.075075,  10283,  10,  None,  13,  None,  2,  147,  None,  151,  0.025075,  0.075075,  0.716161263496,  6.21867926191, 
1003,  1291,  completed,  eof,  2019-04-09 10:28:51,  2019-04-09 10:30:04,  73,  modelParams|tmParams|minThreshold_10.modelParams|tmParams|activationThreshold_13.modelParams|tmParams|pamLength_2.modelParams|clParams|alpha_0.025075.modelParams|sensorParams|encoders|timestamp_dayOfWeek:radius_4.75.modelParams|sensorParams|encoders|_classifierInput|n_151.modelParams|spParams|synPermInactiveDec_0.075075,  10283,  10,  None,  13,  None,  2,  None,  4.75,  151,  0.025075,  0.075075,  2.61560441986,  22.7122099341, 
1003,  1292,  completed,  eof,  2019-04-09 10:29:14,  2019-04-09 10:30:31,  77,  modelParams|tmParams|minThreshold_10.modelParams|tmParams|activationThreshold_13.modelParams|sensorParams|encoders|timestamp_timeOfDay:radius_9.125.modelParams|tmParams|pamLength_2.modelParams|clParams|alpha_0.025075.modelParams|sensorParams|encoders|_classifierInput|n_151.modelParams|spParams|synPermInactiveDec_0.075075,  10283,  10,  None,  13,  9.125,  2,  None,  None,  151,  0.025075,  0.075075,  2.61560441986,  22.7122099341, 
1003,  1293,  completed,  eof,  2019-04-09 10:29:26,  2019-04-09 10:30:44,  78,  modelParams|tmParams|minThreshold_10.modelParams|sensorParams|encoders|timestamp_weekend:radius_1.modelParams|tmParams|activationThreshold_13.modelParams|tmParams|pamLength_2.modelParams|clParams|alpha_0.025075.modelParams|sensorParams|encoders|_classifierInput|n_151.modelParams|spParams|synPermInactiveDec_0.075075,  10283,  10,  1,  13,  None,  2,  None,  None,  151,  0.025075,  0.075075,  2.61560441986,  22.7122099341, 
1003,  1294,  completed,  eof,  2019-04-09 10:29:55,  2019-04-09 10:32:10,  135,  modelParams|tmParams|minThreshold_11.modelParams|tmParams|activationThreshold_15.modelParams|tmParams|pamLength_4.modelParams|sensorParams|encoders|speed:n_396.modelParams|sensorParams|encoders|_classifierInput|n_398.modelParams|clParams|alpha_0.075025.modelParams|spParams|synPermInactiveDec_0.025225,  10283,  11,  None,  15,  None,  4,  396,  None,  398,  0.075025,  0.025225,  0.463554963302,  4.02521022007, 
1003,  1295,  completed,  eof,  2019-04-09 10:30:04,  2019-04-09 10:31:36,  92,  modelParams|tmParams|minThreshold_11.modelParams|tmParams|activationThreshold_15.modelParams|tmParams|pamLength_4.modelParams|clParams|alpha_0.075025.modelParams|sensorParams|encoders|timestamp_dayOfWeek:radius_2.25.modelParams|sensorParams|encoders|_classifierInput|n_398.modelParams|spParams|synPermInactiveDec_0.025225,  10283,  11,  None,  15,  None,  4,  None,  2.25,  398,  0.075025,  0.025225,  2.34189168745,  20.3354663436, 
1003,  1296,  completed,  eof,  2019-04-09 10:30:31,  2019-04-09 10:32:01,  90,  modelParams|tmParams|minThreshold_11.modelParams|tmParams|activationThreshold_15.modelParams|sensorParams|encoders|timestamp_timeOfDay:radius_3.375.modelParams|tmParams|pamLength_4.modelParams|clParams|alpha_0.075025.modelParams|sensorParams|encoders|_classifierInput|n_398.modelParams|spParams|synPermInactiveDec_0.025225,  10283,  11,  None,  15,  3.375,  4,  None,  None,  398,  0.075025,  0.025225,  2.34717597753,  20.3813516864, 
1003,  1297,  completed,  eof,  2019-04-09 10:30:44,  2019-04-09 10:32:11,  87,  modelParams|tmParams|minThreshold_11.modelParams|sensorParams|encoders|timestamp_weekend:radius_1.modelParams|tmParams|activationThreshold_15.modelParams|tmParams|pamLength_4.modelParams|clParams|alpha_0.075025.modelParams|sensorParams|encoders|_classifierInput|n_398.modelParams|spParams|synPermInactiveDec_0.025225,  10283,  11,  1,  15,  None,  4,  None,  None,  398,  0.075025,  0.025225,  2.34189168745,  20.3354663436, 
1003,  1298,  completed,  eof,  2019-04-09 10:31:36,  2019-04-09 10:34:04,  148,  modelParams|tmParams|minThreshold_11.modelParams|tmParams|activationThreshold_16.modelParams|tmParams|pamLength_5.modelParams|sensorParams|encoders|speed:n_521.modelParams|sensorParams|encoders|_classifierInput|n_499.modelParams|clParams|alpha_0.0967420378759.modelParams|spParams|synPermInactiveDec_0.0112901772453,  10283,  11,  None,  16,  None,  5,  521,  None,  499,  0.0967420378759,  0.0112901772453,  0.34159778228,  2.96621327187, 
1003,  1299,  completed,  eof,  2019-04-09 10:32:02,  2019-04-09 10:33:42,  100,  modelParams|tmParams|minThreshold_11.modelParams|tmParams|activationThreshold_16.modelParams|tmParams|pamLength_5.modelParams|clParams|alpha_0.0967420378759.modelParams|sensorParams|encoders|timestamp_dayOfWeek:radius_5.77979721944.modelParams|sensorParams|encoders|_classifierInput|n_521.modelParams|spParams|synPermInactiveDec_0.0112901772453,  10283,  11,  None,  16,  None,  5,  None,  5.77979721944,  521,  0.0967420378759,  0.0112901772453,  1.77358513558,  15.4006613651, 
1003,  1300,  completed,  eof,  2019-04-09 10:32:10,  2019-04-09 10:33:49,  99,  modelParams|tmParams|minThreshold_11.modelParams|tmParams|activationThreshold_16.modelParams|sensorParams|encoders|timestamp_timeOfDay:radius_12.modelParams|tmParams|pamLength_5.modelParams|clParams|alpha_0.0956003484444.modelParams|sensorParams|encoders|_classifierInput|n_521.modelParams|spParams|synPermInactiveDec_0.0112901772453,  10283,  11,  None,  16,  12,  5,  None,  None,  521,  0.0956003484444,  0.0112901772453,  1.80121371429,  15.6405699977, 
1003,  1301,  completed,  eof,  2019-04-09 10:32:11,  2019-04-09 10:33:51,  100,  modelParams|tmParams|minThreshold_11.modelParams|sensorParams|encoders|timestamp_weekend:radius_1.modelParams|tmParams|activationThreshold_16.modelParams|tmParams|pamLength_5.modelParams|clParams|alpha_0.1.modelParams|sensorParams|encoders|_classifierInput|n_517.modelParams|spParams|synPermInactiveDec_0.0147258727645,  10283,  11,  1,  16,  None,  5,  None,  None,  517,  0.1,  0.0147258727645,  1.62938770803,  14.1485445612, 
1003,  1302,  completed,  eof,  2019-04-09 10:33:42,  2019-04-09 10:36:02,  140,  modelParams|tmParams|minThreshold_10.modelParams|tmParams|activationThreshold_14.modelParams|tmParams|pamLength_4.modelParams|sensorParams|encoders|speed:n_372.modelParams|sensorParams|encoders|_classifierInput|n_353.modelParams|clParams|alpha_0.0576505568139.modelParams|spParams|synPermInactiveDec_0.039217765868,  10283,  10,  None,  14,  None,  4,  372,  None,  353,  0.0576505568139,  0.039217765868,  0.369659353465,  3.20988172991, 
1003,  1303,  completed,  eof,  2019-04-09 10:33:50,  2019-04-09 10:35:34,  104,  modelParams|tmParams|minThreshold_11.modelParams|tmParams|activationThreshold_15.modelParams|tmParams|pamLength_5.modelParams|clParams|alpha_0.0784990757519.modelParams|sensorParams|encoders|timestamp_dayOfWeek:radius_5.30959443888.modelParams|sensorParams|encoders|_classifierInput|n_521.modelParams|spParams|synPermInactiveDec_0.00732535449062,  10283,  11,  None,  15,  None,  5,  None,  5.30959443888,  521,  0.0784990757519,  0.00732535449062,  2.31098438448,  20.067087399, 
1003,  1304,  completed,  eof,  2019-04-09 10:33:51,  2019-04-09 10:35:36,  105,  modelParams|tmParams|minThreshold_11.modelParams|tmParams|activationThreshold_15.modelParams|sensorParams|encoders|timestamp_timeOfDay:radius_12.modelParams|tmParams|pamLength_4.modelParams|clParams|alpha_0.0762156968887.modelParams|sensorParams|encoders|_classifierInput|n_521.modelParams|spParams|synPermInactiveDec_0.00732535449062,  10283,  11,  None,  15,  12,  4,  None,  None,  521,  0.0762156968887,  0.00732535449062,  2.37243296788,  20.6006669861, 
1003,  1305,  completed,  eof,  2019-04-09 10:34:04,  2019-04-09 10:35:47,  103,  modelParams|tmParams|minThreshold_10.modelParams|sensorParams|encoders|timestamp_weekend:radius_1.modelParams|tmParams|activationThreshold_16.modelParams|tmParams|pamLength_5.modelParams|clParams|alpha_0.0918849959146.modelParams|sensorParams|encoders|_classifierInput|n_487.modelParams|spParams|synPermInactiveDec_0.0258905655495,  10283,  10,  1,  16,  None,  5,  None,  None,  487,  0.0918849959146,  0.0258905655495,  1.96783568388,  17.0874069598, 
1003,  1306,  completed,  eof,  2019-04-09 10:35:34,  2019-04-09 10:38:12,  158,  modelParams|tmParams|minThreshold_11.modelParams|tmParams|activationThreshold_16.modelParams|tmParams|pamLength_5.modelParams|sensorParams|encoders|speed:n_521.modelParams|sensorParams|encoders|_classifierInput|n_521.modelParams|clParams|alpha_0.1.modelParams|spParams|synPermInactiveDec_0.0149512462059,  10283,  11,  None,  16,  None,  5,  521,  None,  521,  0.1,  0.0149512462059,  0.379212913805,  3.29283864282, 
1003,  1307,  completed,  eof,  2019-04-09 10:35:36,  2019-04-09 10:37:17,  101,  modelParams|tmParams|minThreshold_12.modelParams|tmParams|activationThreshold_16.modelParams|tmParams|pamLength_5.modelParams|clParams|alpha_0.1.modelParams|sensorParams|encoders|timestamp_dayOfWeek:radius_6.modelParams|sensorParams|encoders|_classifierInput|n_496.modelParams|spParams|synPermInactiveDec_0.005285,  10283,  12,  None,  16,  None,  5,  None,  6,  496,  0.1,  0.005285,  1.66710961056,  14.4760970622, 
1003,  1308,  completed,  eof,  2019-04-09 10:35:47,  2019-04-09 10:37:31,  104,  modelParams|tmParams|minThreshold_12.modelParams|tmParams|activationThreshold_16.modelParams|sensorParams|encoders|timestamp_timeOfDay:radius_11.425.modelParams|tmParams|pamLength_5.modelParams|clParams|alpha_0.1.modelParams|sensorParams|encoders|_classifierInput|n_521.modelParams|spParams|synPermInactiveDec_0.005285,  10283,  12,  None,  16,  11.425,  5,  None,  None,  521,  0.1,  0.005285,  1.65313726517,  14.3547702899, 
1003,  1309,  completed,  eof,  2019-04-09 10:36:02,  2019-04-09 10:37:43,  101,  modelParams|tmParams|minThreshold_11.modelParams|sensorParams|encoders|timestamp_weekend:radius_1.modelParams|tmParams|activationThreshold_16.modelParams|tmParams|pamLength_5.modelParams|clParams|alpha_0.1.modelParams|sensorParams|encoders|_classifierInput|n_521.modelParams|spParams|synPermInactiveDec_0.0169788200205,  10283,  11,  1,  16,  None,  5,  None,  None,  521,  0.1,  0.0169788200205,  1.65313726517,  14.3547702899, 
1003,  1310,  completed,  eof,  2019-04-09 10:37:17,  2019-04-09 10:39:46,  149,  modelParams|tmParams|minThreshold_11.modelParams|tmParams|activationThreshold_16.modelParams|tmParams|pamLength_5.modelParams|sensorParams|encoders|speed:n_497.modelParams|sensorParams|encoders|_classifierInput|n_409.modelParams|clParams|alpha_0.0799058897451.modelParams|spParams|synPermInactiveDec_0.0139890120738,  10283,  11,  None,  16,  None,  5,  497,  None,  409,  0.0799058897451,  0.0139890120738,  0.249736964356,  2.16855359307, 
1003,  1311,  completed,  eof,  2019-04-09 10:37:32,  2019-04-09 10:39:16,  104,  modelParams|tmParams|minThreshold_11.modelParams|tmParams|activationThreshold_16.modelParams|tmParams|pamLength_5.modelParams|clParams|alpha_0.0826255568139.modelParams|sensorParams|encoders|timestamp_dayOfWeek:radius_5.51489860972.modelParams|sensorParams|encoders|_classifierInput|n_521.modelParams|spParams|synPermInactiveDec_0.00432276586796,  10283,  11,  None,  16,  None,  5,  None,  5.51489860972,  521,  0.0826255568139,  0.00432276586796,  2.19415063701,  19.0525790201, 
1003,  1312,  completed,  eof,  2019-04-09 10:37:43,  2019-04-09 10:39:28,  105,  modelParams|tmParams|minThreshold_11.modelParams|tmParams|activationThreshold_16.modelParams|sensorParams|encoders|timestamp_timeOfDay:radius_12.modelParams|tmParams|pamLength_5.modelParams|clParams|alpha_0.0809130226666.modelParams|sensorParams|encoders|_classifierInput|n_497.modelParams|spParams|synPermInactiveDec_0.00432276586796,  10283,  11,  None,  16,  12,  5,  None,  None,  497,  0.0809130226666,  0.00432276586796,  2.26938000616,  19.7058219999, 
1003,  1313,  completed,  eof,  2019-04-09 10:38:12,  2019-04-09 10:39:48,  96,  modelParams|tmParams|minThreshold_11.modelParams|sensorParams|encoders|timestamp_weekend:radius_1.modelParams|tmParams|activationThreshold_16.modelParams|tmParams|pamLength_5.modelParams|clParams|alpha_0.092664996936.modelParams|sensorParams|encoders|_classifierInput|n_451.modelParams|spParams|synPermInactiveDec_0.0211701291673,  10283,  11,  1,  16,  None,  5,  None,  None,  451,  0.092664996936,  0.0211701291673,  1.80649038232,  15.6863891556, 
1003,  1314,  completed,  eof,  2019-04-09 10:39:16,  2019-04-09 10:41:39,  143,  modelParams|tmParams|minThreshold_10.modelParams|tmParams|activationThreshold_16.modelParams|tmParams|pamLength_5.modelParams|sensorParams|encoders|speed:n_497.modelParams|sensorParams|encoders|_classifierInput|n_455.modelParams|clParams|alpha_0.0981488518692.modelParams|spParams|synPermInactiveDec_0.0179538348285,  10283,  10,  None,  16,  None,  5,  497,  None,  455,  0.0981488518692,  0.0179538348285,  0.318380249806,  2.76460729977, 
1003,  1315,  completed,  eof,  2019-04-09 10:39:28,  2019-04-09 10:41:09,  101,  modelParams|tmParams|minThreshold_11.modelParams|tmParams|activationThreshold_16.modelParams|tmParams|pamLength_5.modelParams|clParams|alpha_0.1.modelParams|sensorParams|encoders|timestamp_dayOfWeek:radius_5.04469582916.modelParams|sensorParams|encoders|_classifierInput|n_496.modelParams|spParams|synPermInactiveDec_0.0003,  10283,  11,  None,  16,  None,  5,  None,  5.04469582916,  496,  0.1,  0.0003,  1.66710961056,  14.4760970622, 
1003,  1316,  completed,  eof,  2019-04-09 10:39:46,  2019-04-09 10:41:25,  99,  modelParams|tmParams|minThreshold_11.modelParams|tmParams|activationThreshold_16.modelParams|sensorParams|encoders|timestamp_timeOfDay:radius_12.modelParams|tmParams|pamLength_5.modelParams|clParams|alpha_0.1.modelParams|sensorParams|encoders|_classifierInput|n_496.modelParams|spParams|synPermInactiveDec_0.0003,  10283,  11,  None,  16,  12,  5,  None,  None,  496,  0.1,  0.0003,  1.66710961056,  14.4760970622, 
1003,  1317,  completed,  eof,  2019-04-09 10:39:48,  2019-04-09 10:41:30,  102,  modelParams|tmParams|minThreshold_10.modelParams|sensorParams|encoders|timestamp_weekend:radius_1.modelParams|tmParams|activationThreshold_16.modelParams|tmParams|pamLength_5.modelParams|clParams|alpha_0.1.modelParams|sensorParams|encoders|_classifierInput|n_479.modelParams|spParams|synPermInactiveDec_0.0117292564028,  10283,  10,  1,  16,  None,  5,  None,  None,  479,  0.1,  0.0117292564028,  1.54829961884,  13.4444282618, 
1003,  1318,  completed,  eof,  2019-04-09 10:41:09,  2019-04-09 10:43:38,  149,  modelParams|tmParams|minThreshold_12.modelParams|tmParams|activationThreshold_16.modelParams|tmParams|pamLength_5.modelParams|sensorParams|encoders|speed:n_521.modelParams|sensorParams|encoders|_classifierInput|n_482.modelParams|clParams|alpha_0.0943606428145.modelParams|spParams|synPermInactiveDec_0.00394894141022,  10283,  12,  None,  16,  None,  5,  521,  None,  482,  0.0943606428145,  0.00394894141022,  0.455522893302,  3.95546494106, 
1003,  1319,  completed,  eof,  2019-04-09 10:41:26,  2019-04-09 10:43:09,  103,  modelParams|tmParams|minThreshold_12.modelParams|sensorParams|encoders|timestamp_weekend:radius_1.modelParams|tmParams|activationThreshold_16.modelParams|tmParams|pamLength_5.modelParams|clParams|alpha_0.1.modelParams|sensorParams|encoders|_classifierInput|n_521.modelParams|spParams|synPermInactiveDec_0.00586984095563,  10283,  12,  1,  16,  None,  5,  None,  None,  521,  0.1,  0.00586984095563,  1.65313726517,  14.3547702899, 
1003,  1320,  completed,  eof,  2019-04-09 10:41:31,  2019-04-09 10:44:05,  154,  modelParams|tmParams|minThreshold_12.modelParams|tmParams|activationThreshold_16.modelParams|tmParams|pamLength_5.modelParams|sensorParams|encoders|speed:n_521.modelParams|sensorParams|encoders|_classifierInput|n_480.modelParams|clParams|alpha_0.0906164034283.modelParams|spParams|synPermInactiveDec_0.00183263384599,  10283,  12,  None,  16,  None,  5,  521,  None,  480,  0.0906164034283,  0.00183263384599,  0.585695213888,  5.08579682546, 
1003,  1321,  completed,  eof,  2019-04-09 10:41:40,  2019-04-09 10:43:22,  102,  modelParams|tmParams|minThreshold_11.modelParams|sensorParams|encoders|timestamp_weekend:radius_1.modelParams|tmParams|activationThreshold_16.modelParams|tmParams|pamLength_5.modelParams|clParams|alpha_0.1.modelParams|sensorParams|encoders|_classifierInput|n_521.modelParams|spParams|synPermInactiveDec_0.0003,  10283,  11,  1,  16,  None,  5,  None,  None,  521,  0.1,  0.0003,  1.65313726517,  14.3547702899, 
1003,  1322,  completed,  eof,  2019-04-09 10:43:09,  2019-04-09 10:45:36,  147,  modelParams|tmParams|minThreshold_11.modelParams|tmParams|activationThreshold_16.modelParams|tmParams|pamLength_5.modelParams|sensorParams|encoders|speed:n_503.modelParams|sensorParams|encoders|_classifierInput|n_432.modelParams|clParams|alpha_0.0837947616336.modelParams|spParams|synPermInactiveDec_0.017767739102,  10283,  11,  None,  16,  None,  5,  503,  None,  432,  0.0837947616336,  0.017767739102,  0.338368017687,  2.93816809389, 
1003,  1323,  completed,  eof,  2019-04-09 10:43:22,  2019-04-09 10:45:08,  106,  modelParams|tmParams|minThreshold_10.modelParams|sensorParams|encoders|timestamp_weekend:radius_1.modelParams|tmParams|activationThreshold_16.modelParams|tmParams|pamLength_5.modelParams|clParams|alpha_0.1.modelParams|sensorParams|encoders|_classifierInput|n_489.modelParams|spParams|synPermInactiveDec_0.0127145162333,  10283,  10,  1,  16,  None,  5,  None,  None,  489,  0.1,  0.0127145162333,  1.53733076878,  13.3491818922, 
1003,  1324,  completed,  eof,  2019-04-09 10:43:38,  2019-04-09 10:46:12,  154,  modelParams|tmParams|minThreshold_11.modelParams|tmParams|activationThreshold_16.modelParams|tmParams|pamLength_5.modelParams|sensorParams|encoders|speed:n_521.modelParams|sensorParams|encoders|_classifierInput|n_474.modelParams|clParams|alpha_0.0936136121814.modelParams|spParams|synPermInactiveDec_0.0003,  10283,  11,  None,  16,  None,  5,  521,  None,  474,  0.0936136121814,  0.0003,  0.583093510338,  5.06320532165, 
1003,  1325,  completed,  eof,  2019-04-09 10:44:05,  2019-04-09 10:45:51,  106,  modelParams|tmParams|minThreshold_10.modelParams|sensorParams|encoders|timestamp_weekend:radius_1.modelParams|tmParams|activationThreshold_16.modelParams|tmParams|pamLength_5.modelParams|clParams|alpha_0.1.modelParams|sensorParams|encoders|_classifierInput|n_521.modelParams|spParams|synPermInactiveDec_0.0003,  10283,  10,  1,  16,  None,  5,  None,  None,  521,  0.1,  0.0003,  1.65313726517,  14.3547702899, 
1003,  1326,  completed,  eof,  2019-04-09 10:45:08,  2019-04-09 10:47:34,  146,  modelParams|tmParams|minThreshold_11.modelParams|tmParams|activationThreshold_16.modelParams|tmParams|pamLength_5.modelParams|sensorParams|encoders|speed:n_521.modelParams|sensorParams|encoders|_classifierInput|n_432.modelParams|clParams|alpha_0.0887010364049.modelParams|spParams|synPermInactiveDec_0.0126488429151,  10283,  11,  None,  16,  None,  5,  521,  None,  432,  0.0887010364049,  0.0126488429151,  0.405031243022,  3.51702824461, 
1003,  1327,  completed,  eof,  2019-04-09 10:45:36,  2019-04-09 10:47:20,  104,  modelParams|tmParams|minThreshold_10.modelParams|sensorParams|encoders|timestamp_weekend:radius_1.modelParams|tmParams|activationThreshold_16.modelParams|tmParams|pamLength_5.modelParams|clParams|alpha_0.1.modelParams|sensorParams|encoders|_classifierInput|n_508.modelParams|spParams|synPermInactiveDec_0.00915398629789,  10283,  10,  1,  16,  None,  5,  None,  None,  508,  0.1,  0.00915398629789,  1.59808018343,  13.8766903519, 
1003,  1328,  completed,  killed,  2019-04-09 10:45:51,  2019-04-09 10:47:34,  103,  modelParams|tmParams|minThreshold_11.modelParams|tmParams|activationThreshold_16.modelParams|tmParams|pamLength_5.modelParams|sensorParams|encoders|speed:n_508.modelParams|sensorParams|encoders|_classifierInput|n_423.modelParams|clParams|alpha_0.0823875620645.modelParams|spParams|synPermInactiveDec_0.0124319544559,  7300,  11,  None,  16,  None,  5,  508,  None,  423,  0.0823875620645,  0.0124319544559,  0.38061536306,  4.40863446969, 
1003,  1329,  completed,  eof,  2019-04-09 10:46:12,  2019-04-09 10:47:59,  107,  modelParams|tmParams|minThreshold_10.modelParams|sensorParams|encoders|timestamp_weekend:radius_1.modelParams|tmParams|activationThreshold_16.modelParams|tmParams|pamLength_5.modelParams|clParams|alpha_0.1.modelParams|sensorParams|encoders|_classifierInput|n_507.modelParams|spParams|synPermInactiveDec_0.0114229758762,  10283,  10,  1,  16,  None,  5,  None,  None,  507,  0.1,  0.0114229758762,  1.66100911912,  14.4231243568, 
1003,  1330,  completed,  killed,  2019-04-09 10:47:21,  2019-04-09 10:47:36,  15,  modelParams|tmParams|minThreshold_11.modelParams|tmParams|activationThreshold_16.modelParams|tmParams|pamLength_5.modelParams|sensorParams|encoders|speed:n_517.modelParams|sensorParams|encoders|_classifierInput|n_423.modelParams|clParams|alpha_0.0803826755117.modelParams|spParams|synPermInactiveDec_0.0107545431752,  850,  11,  None,  16,  None,  5,  517,  None,  423,  0.0803826755117,  0.0107545431752,  0.103710274735,  2.09801351896, 
1003,  1331,  completed,  eof,  2019-04-09 10:47:34,  2019-04-09 10:49:19,  105,  modelParams|tmParams|minThreshold_10.modelParams|sensorParams|encoders|timestamp_weekend:radius_1.modelParams|tmParams|activationThreshold_16.modelParams|tmParams|pamLength_5.modelParams|clParams|alpha_0.1.modelParams|sensorParams|encoders|_classifierInput|n_519.modelParams|spParams|synPermInactiveDec_0.00286170558767,  10283,  10,  1,  16,  None,  5,  None,  None,  519,  0.1,  0.00286170558767,  1.61966727712,  14.0641386526, 
1003,  1332,  completed,  eof,  2019-04-09 10:47:35,  2019-04-09 10:49:16,  101,  modelParams|tmParams|minThreshold_10.modelParams|sensorParams|encoders|timestamp_weekend:radius_1.modelParams|tmParams|activationThreshold_16.modelParams|tmParams|pamLength_5.modelParams|clParams|alpha_0.1.modelParams|sensorParams|encoders|_classifierInput|n_481.modelParams|spParams|synPermInactiveDec_0.0116484402865,  10283,  10,  1,  16,  None,  5,  None,  None,  481,  0.1,  0.0116484402865,  1.63830861213,  14.2260078982, 
1003,  1333,  completed,  eof,  2019-04-09 10:47:36,  2019-04-09 10:49:17,  101,  modelParams|tmParams|minThreshold_10.modelParams|sensorParams|encoders|timestamp_weekend:radius_1.modelParams|tmParams|activationThreshold_16.modelParams|tmParams|pamLength_5.modelParams|clParams|alpha_0.1.modelParams|sensorParams|encoders|_classifierInput|n_518.modelParams|spParams|synPermInactiveDec_0.0050811042259,  10283,  10,  1,  16,  None,  5,  None,  None,  518,  0.1,  0.0050811042259,  1.70225426119,  14.7812703816, 
1003,  1334,  completed,  eof,  2019-04-09 10:48:00,  2019-04-09 10:49:40,  100,  modelParams|tmParams|minThreshold_10.modelParams|sensorParams|encoders|timestamp_weekend:radius_1.modelParams|tmParams|activationThreshold_16.modelParams|tmParams|pamLength_5.modelParams|clParams|alpha_0.1.modelParams|sensorParams|encoders|_classifierInput|n_492.modelParams|spParams|synPermInactiveDec_0.0120415822233,  10283,  10,  1,  16,  None,  5,  None,  None,  492,  0.1,  0.0120415822233,  1.63274924637,  14.1777339768, 
1003,  1335,  completed,  killed,  2019-04-09 10:49:16,  2019-04-09 10:49:40,  24,  modelParams|tmParams|minThreshold_10.modelParams|sensorParams|encoders|timestamp_weekend:radius_1.modelParams|tmParams|activationThreshold_16.modelParams|tmParams|pamLength_5.modelParams|clParams|alpha_0.1.modelParams|sensorParams|encoders|_classifierInput|n_490.modelParams|spParams|synPermInactiveDec_0.0146856938208,  1200,  10,  1,  16,  None,  5,  None,  None,  490,  0.1,  0.0146856938208,  0.780291210172,  6.94332677067, 
1003,  1336,  completed,  killed,  2019-04-09 10:49:18,  2019-04-09 10:49:41,  23,  modelParams|tmParams|minThreshold_10.modelParams|sensorParams|encoders|timestamp_weekend:radius_1.modelParams|tmParams|activationThreshold_16.modelParams|tmParams|pamLength_5.modelParams|clParams|alpha_0.1.modelParams|sensorParams|encoders|_classifierInput|n_488.modelParams|spParams|synPermInactiveDec_0.0125131877019,  1000,  10,  1,  16,  None,  5,  None,  None,  488,  0.1,  0.0125131877019,  0.693914213262,  9.57246441259, 
1003,  1337,  completed,  killed,  2019-04-09 10:49:19,  2019-04-09 10:49:41,  22,  modelParams|tmParams|minThreshold_10.modelParams|sensorParams|encoders|timestamp_weekend:radius_1.modelParams|tmParams|activationThreshold_16.modelParams|tmParams|pamLength_5.modelParams|clParams|alpha_0.1.modelParams|sensorParams|encoders|_classifierInput|n_492.modelParams|spParams|synPermInactiveDec_0.0114889620549,  900,  10,  1,  16,  None,  5,  None,  None,  492,  0.1,  0.0114889620549,  0.650676377257,  11.1827783921, 
1003,  1338,  completed,  eof,  2019-04-09 10:49:41,  2019-04-09 10:51:20,  99,  modelParams|tmParams|minThreshold_11.modelParams|sensorParams|encoders|timestamp_weekend:radius_1.modelParams|tmParams|activationThreshold_14.modelParams|tmParams|pamLength_3.modelParams|sensorParams|encoders|speed:n_521.modelParams|sensorParams|encoders|_classifierInput|n_275.modelParams|clParams|alpha_0.05005.modelParams|spParams|synPermInactiveDec_0.05015,  10283,  11,  1,  14,  None,  3,  521,  None,  275,  0.05005,  0.05015,  1.61708762093,  14.0417385937, 
1003,  1341,  completed,  eof,  2019-04-09 10:49:41,  2019-04-09 10:51:10,  89,  modelParams|tmParams|minThreshold_9.modelParams|sensorParams|encoders|timestamp_weekend:radius_1.modelParams|tmParams|activationThreshold_12.modelParams|tmParams|pamLength_1.modelParams|sensorParams|encoders|speed:n_521.modelParams|sensorParams|encoders|_classifierInput|n_28.modelParams|clParams|alpha_0.0001.modelParams|spParams|synPermInactiveDec_0.1,  10283,  9,  1,  12,  None,  1,  521,  None,  28,  0.0001,  0.1,  1.8866796817,  16.3827009481, 
1003,  1347,  completed,  eof,  2019-04-09 10:49:41,  2019-04-09 10:51:34,  113,  modelParams|tmParams|minThreshold_12.modelParams|sensorParams|encoders|timestamp_weekend:radius_1.modelParams|tmParams|activationThreshold_16.modelParams|tmParams|pamLength_5.modelParams|sensorParams|encoders|speed:n_521.modelParams|sensorParams|encoders|_classifierInput|n_521.modelParams|clParams|alpha_0.1.modelParams|spParams|synPermInactiveDec_0.0003,  10283,  12,  1,  16,  None,  5,  521,  None,  521,  0.1,  0.0003,  1.13789258636,  9.88072015308, 
1003,  1351,  completed,  eof,  2019-04-09 10:49:42,  2019-04-09 10:51:14,  92,  modelParams|tmParams|minThreshold_10.modelParams|sensorParams|encoders|timestamp_weekend:radius_1.modelParams|tmParams|activationThreshold_13.modelParams|tmParams|pamLength_2.modelParams|sensorParams|encoders|speed:n_472.modelParams|sensorParams|encoders|_classifierInput|n_151.modelParams|clParams|alpha_0.025075.modelParams|spParams|synPermInactiveDec_0.075075,  10283,  10,  1,  13,  None,  2,  472,  None,  151,  0.025075,  0.075075,  1.20126203978,  10.4309793278, 
1003,  1352,  completed,  eof,  2019-04-09 10:51:10,  2019-04-09 10:52:56,  106,  modelParams|tmParams|minThreshold_11.modelParams|sensorParams|encoders|timestamp_weekend:radius_1.modelParams|tmParams|activationThreshold_15.modelParams|tmParams|pamLength_4.modelParams|sensorParams|encoders|speed:n_492.modelParams|sensorParams|encoders|_classifierInput|n_398.modelParams|clParams|alpha_0.075025.modelParams|spParams|synPermInactiveDec_0.025225,  10283,  11,  1,  15,  None,  4,  492,  None,  398,  0.075025,  0.025225,  0.973075912989,  8.44955921077, 
1003,  1353,  completed,  eof,  2019-04-09 10:51:14,  2019-04-09 10:52:45,  91,  modelParams|tmParams|minThreshold_10.modelParams|sensorParams|encoders|timestamp_weekend:radius_1.modelParams|tmParams|activationThreshold_13.modelParams|tmParams|pamLength_2.modelParams|sensorParams|encoders|speed:n_488.modelParams|sensorParams|encoders|_classifierInput|n_162.modelParams|clParams|alpha_0.0192999989787.modelParams|spParams|synPermInactiveDec_0.0785656521553,  10283,  10,  1,  13,  None,  2,  488,  None,  162,  0.0192999989787,  0.0785656521553,  1.7416730786,  15.1235577892, 
1003,  1354,  completed,  eof,  2019-04-09 10:51:21,  2019-04-09 10:52:53,  92,  modelParams|tmParams|minThreshold_10.modelParams|sensorParams|encoders|timestamp_weekend:radius_1.modelParams|tmParams|activationThreshold_13.modelParams|tmParams|pamLength_2.modelParams|sensorParams|encoders|speed:n_488.modelParams|sensorParams|encoders|_classifierInput|n_189.modelParams|clParams|alpha_0.0308500010213.modelParams|spParams|synPermInactiveDec_0.0815543478447,  10283,  10,  1,  13,  None,  2,  488,  None,  189,  0.0308500010213,  0.0815543478447,  1.70078234723,  14.7684892368, 
1003,  1355,  completed,  eof,  2019-04-09 10:51:34,  2019-04-09 10:53:30,  116,  modelParams|tmParams|minThreshold_12.modelParams|sensorParams|encoders|timestamp_weekend:radius_1.modelParams|tmParams|activationThreshold_16.modelParams|tmParams|pamLength_5.modelParams|sensorParams|encoders|speed:n_521.modelParams|sensorParams|encoders|_classifierInput|n_521.modelParams|clParams|alpha_0.1.modelParams|spParams|synPermInactiveDec_0.005285,  10283,  12,  1,  16,  None,  5,  521,  None,  521,  0.1,  0.005285,  1.13554528614,  9.86033772253, 
1003,  1356,  completed,  eof,  2019-04-09 10:52:46,  2019-04-09 10:54:37,  111,  modelParams|tmParams|minThreshold_11.modelParams|sensorParams|encoders|timestamp_weekend:radius_1.modelParams|tmParams|activationThreshold_16.modelParams|tmParams|pamLength_5.modelParams|sensorParams|encoders|speed:n_506.modelParams|sensorParams|encoders|_classifierInput|n_455.modelParams|clParams|alpha_0.092664996936.modelParams|spParams|synPermInactiveDec_0.0003,  10283,  11,  1,  16,  None,  5,  506,  None,  455,  0.092664996936,  0.0003,  1.06792042739,  9.27312737182, 
1003,  1357,  completed,  eof,  2019-04-09 10:52:53,  2019-04-09 10:54:51,  118,  modelParams|tmParams|minThreshold_11.modelParams|sensorParams|encoders|timestamp_weekend:radius_1.modelParams|tmParams|activationThreshold_16.modelParams|tmParams|pamLength_5.modelParams|sensorParams|encoders|speed:n_506.modelParams|sensorParams|encoders|_classifierInput|n_514.modelParams|clParams|alpha_0.1.modelParams|spParams|synPermInactiveDec_0.0003,  10283,  11,  1,  16,  None,  5,  506,  None,  514,  0.1,  0.0003,  1.07266480142,  9.31432443445, 
1003,  1358,  completed,  eof,  2019-04-09 10:52:56,  2019-04-09 10:54:52,  116,  modelParams|tmParams|minThreshold_12.modelParams|sensorParams|encoders|timestamp_weekend:radius_1.modelParams|tmParams|activationThreshold_16.modelParams|tmParams|pamLength_5.modelParams|sensorParams|encoders|speed:n_521.modelParams|sensorParams|encoders|_classifierInput|n_521.modelParams|clParams|alpha_0.1.modelParams|spParams|synPermInactiveDec_0.005285,  10283,  12,  1,  16,  None,  5,  521,  None,  521,  0.1,  0.005285,  1.13554528614,  9.86033772253, 
1003,  1359,  completed,  eof,  2019-04-09 10:53:30,  2019-04-09 10:55:13,  103,  modelParams|tmParams|minThreshold_10.modelParams|sensorParams|encoders|timestamp_weekend:radius_1.modelParams|tmParams|activationThreshold_15.modelParams|tmParams|pamLength_4.modelParams|sensorParams|encoders|speed:n_491.modelParams|sensorParams|encoders|_classifierInput|n_373.modelParams|clParams|alpha_0.08002.modelParams|spParams|synPermInactiveDec_0.02024,  10283,  10,  1,  15,  None,  4,  491,  None,  373,  0.08002,  0.02024,  1.62581335148,  14.1175071704, 
1003,  1360,  completed,  killed,  2019-04-09 10:54:37,  2019-04-09 10:55:14,  37,  modelParams|tmParams|minThreshold_11.modelParams|sensorParams|encoders|timestamp_weekend:radius_1.modelParams|tmParams|activationThreshold_15.modelParams|tmParams|pamLength_4.modelParams|sensorParams|encoders|speed:n_491.modelParams|sensorParams|encoders|_classifierInput|n_371.modelParams|clParams|alpha_0.0728522811866.modelParams|spParams|synPermInactiveDec_0.0227936236647,  2800,  11,  1,  15,  None,  4,  491,  None,  371,  0.0728522811866,  0.0227936236647,  0.924851776228,  4.70579987229, 
1003,  1361,  completed,  killed,  2019-04-09 10:54:52,  2019-04-09 10:55:14,  22,  modelParams|tmParams|minThreshold_11.modelParams|sensorParams|encoders|timestamp_weekend:radius_1.modelParams|tmParams|activationThreshold_15.modelParams|tmParams|pamLength_4.modelParams|sensorParams|encoders|speed:n_499.modelParams|sensorParams|encoders|_classifierInput|n_418.modelParams|clParams|alpha_0.0770537510213.modelParams|spParams|synPermInactiveDec_0.0276667282757,  1200,  11,  1,  15,  None,  4,  499,  None,  418,  0.0770537510213,  0.0276667282757,  0.451154591666,  4.01454445877, 
1003,  1362,  completed,  killed,  2019-04-09 10:54:52,  2019-04-09 10:55:14,  22,  modelParams|tmParams|minThreshold_12.modelParams|sensorParams|encoders|timestamp_weekend:radius_1.modelParams|tmParams|activationThreshold_16.modelParams|tmParams|pamLength_5.modelParams|sensorParams|encoders|speed:n_503.modelParams|sensorParams|encoders|_classifierInput|n_480.modelParams|clParams|alpha_0.0924734187786.modelParams|spParams|synPermInactiveDec_0.00565858696117,  900,  12,  1,  16,  None,  5,  503,  None,  480,  0.0924734187786,  0.00565858696117,  0.226168650792,  3.88702278038, 
